keyword,volume,kd,cpc,position,url,traffic,language
website builder,165000,36,7.43,33,https://site.pro/website-builder,495,en
web builder,165000,39,7.43,6,https://site.pro/web-builder,3960,en
website builder sites,165000,40,7.43,11,https://site.pro/website-builder-sites,1485,en
web page builder,165000,36,7.43,31,https://site.pro/web-page-builder,495,en
website builder site,165000,39,7.43,38,https://site.pro/website-builder-site,495,en
websitebuilder site,165000,41,7.43,10,https://site.pro/websitebuilder-site,3960,en
webstore builder,165000,40,7.43,47,https://site.pro/webstore-builder,495,en
develop web,165000,39,5.57,26,https://site.pro/develop-web,495,en
free site builder,49500,60,4.95,17,https://site.pro/free-site-builder,446,en
free site maker,49500,57,4.95,6,https://site.pro/free-site-maker,1188,en
free website making sites,49500,56,4.95,3,https://site.pro/free-website-making-sites,4455,en
free website creation sites,49500,60,4.95,19,https://site.pro/free-website-creation-sites,446,en
free website to make a website,49500,58,4.95,23,https://site.pro/free-website-to-make-a-website,149,en
websites to make websites for free,49500,56,4.95,31,https://site.pro/websites-to-make-websites-for-free,149,en
ecommerce website creation,2400,25,6.96,31,https://site.pro/ecommerce-website-creation,7,en
builders online store,2400,29,7.77,35,https://site.pro/builders-online-store,7,en
store builder online,2400,30,7.77,44,https://site.pro/store-builder-online,7,en
online storefront builder,2400,25,7.77,23,https://site.pro/online-storefront-builder,7,en
site builder,1900,49,5.58,31,https://site.pro/site-builder,6,en
cheapest website builder,1900,74,7.62,48,https://site.pro/cheapest-website-builder,6,en
website generator,1900,47,3.87,13,https://site.pro/website-generator,17,en
website builder companies,1900,46,14.39,28,https://site.pro/website-builder-companies,6,en
webvisitenkarte erstellen,27100,85,0.68,32,https://site.pro/de/webvisitenkarte-erstellen,81,de
website erstellen,22200,81,4.6,18,https://site.pro/de/website-erstellen,200,de
webpage erstellen,22200,83,4.6,2,https://site.pro/de/webpage-erstellen,1998,de
erstellen einer website,22200,84,4.6,39,https://site.pro/de/erstellen-einer-website,67,de
webseiten erstellung,22200,83,4.6,40,https://site.pro/de/webseiten-erstellung,67,de
erstelle eine website,22200,82,4.6,49,https://site.pro/de/erstelle-eine-website,67,de
erstellung von webseiten,22200,80,4.6,29,https://site.pro/de/erstellung-von-webseiten,67,de
website erstellen kostenlos,5400,74,3.31,6,https://site.pro/de/website-erstellen-kostenlos,130,de
website designen,5400,49,1.78,47,https://site.pro/de/website-designen,16,de
kostenlos eine website erstellen,5400,73,3.31,39,https://site.pro/de/kostenlos-eine-website-erstellen,16,de
erstellen website kostenlos,5400,72,3.31,24,https://site.pro/de/erstellen-website-kostenlos,16,de
erstellen einer website kostenlos,5400,69,3.31,35,https://site.pro/de/erstellen-einer-website-kostenlos,16,de
webpage erstellen kostenlos,5400,74,3.31,36,https://site.pro/de/webpage-erstellen-kostenlos,16,de
homepage erstellen,4400,69,3.75,21,https://site.pro/de/homepage-erstellen,13,de
wix baukasten,110,36,2.7,11,https://site.pro/de/wix-baukasten,1,de
online shop erstellen agentur,110,21,16.72,32,https://site.pro/de/online-shop-erstellen-agentur,0,de
homepage aufbauen,110,39,1.44,22,https://site.pro/de/homepage-aufbauen,0,de
wix homepage erstellen,110,36,4.07,47,https://site.pro/de/wix-homepage-erstellen,0,de
homepage ferienwohnung erstellen,110,39,5.2,14,https://site.pro/de/homepage-ferienwohnung-erstellen,1,de
homepage erstellen ferienwohnung,110,41,5.2,18,https://site.pro/de/homepage-erstellen-ferienwohnung,1,de
kosten eigene website,110,60,1.73,7,https://site.pro/de/kosten-eigene-website,3,de
homepage erstellen für ferienwohnung,110,39,5.2,26,https://site.pro/de/homepage-erstellen-fu-r-ferienwohnung,0,de
diseño web,5400,30,2.02,44,https://site.pro/es/disen-o-web,16,es
diseños web,5400,25,2.02,47,https://site.pro/es/disen-os-web,16,es
disenos web,5400,26,2.02,28,https://site.pro/es/disenos-web,16,es
crear pagina web,4400,72,1.9,36,https://site.pro/es/crear-pagina-web,13,es
pagina web crea,4400,70,1.9,40,https://site.pro/es/pagina-web-crea,13,es
creando paginas web,4400,72,1.9,4,https://site.pro/es/creando-paginas-web,211,es
crear pagina web gratis,3600,74,1.13,14,https://site.pro/es/crear-pagina-web-gratis,32,es
crear pàgina web gratis,3600,71,1.13,25,https://site.pro/es/crear-pa-gina-web-gratis,11,es
pagina web gratis,2400,45,1.17,29,https://site.pro/es/pagina-web-gratis,7,es
página web gratis,2400,45,1.17,13,https://site.pro/es/pa-gina-web-gratis,22,es
diseño de paginas web,1600,48,2.2,46,https://site.pro/es/disen-o-de-paginas-web,5,es
diseño de pàginas web,1600,49,2.2,37,https://site.pro/es/disen-o-de-pa-ginas-web,5,es
creador de paginas web,1300,47,1.81,25,https://site.pro/es/creador-de-paginas-web,4,es
como hacer una pagina web,1300,50,0.83,22,https://site.pro/es/como-hacer-una-pagina-web,4,es
crear mi sitio web,30,17,0,46,https://site.pro/es/crear-mi-sitio-web,0,es
como crear una tienda online desde cero,30,17,2.26,20,https://site.pro/es/como-crear-una-tienda-online-desde-cero,0,es
como crear mi propia pagina web,30,38,1.75,33,https://site.pro/es/como-crear-mi-propia-pagina-web,0,es
crear mi propia pagina web,30,60,2.13,47,https://site.pro/es/crear-mi-propia-pagina-web,0,es
como hacer una pagina,30,41,0.89,42,https://site.pro/es/como-hacer-una-pagina,0,es
como se hace un sitio web,30,18,0,17,https://site.pro/es/como-se-hace-un-sitio-web,0,es
crear web gratis con dominio propio,30,65,1.86,48,https://site.pro/es/crear-web-gratis-con-dominio-propio,0,es
crear tienda online gratis con dominio propio,30,61,2.22,50,https://site.pro/es/crear-tienda-online-gratis-con-dominio-p,0,es
créer un site internet,5400,69,2.42,7,https://site.pro/fr/cre-er-un-site-internet,130,fr
créer des sites internet,5400,73,2.42,27,https://site.pro/fr/cre-er-des-sites-internet,16,fr
site internet créer,5400,70,2.42,30,https://site.pro/fr/site-internet-cre-er,16,fr
créer un site sur internet,5400,69,2.42,47,https://site.pro/fr/cre-er-un-site-sur-internet,16,fr
créer un site web gratuit,3600,74,1.64,12,https://site.pro/fr/cre-er-un-site-web-gratuit,32,fr
créer site web gratuit,3600,69,1.64,29,https://site.pro/fr/cre-er-site-web-gratuit,11,fr
créer un site web gratuitement,3600,73,1.64,49,https://site.pro/fr/cre-er-un-site-web-gratuitement,11,fr
creer site web gratuit,3600,69,1.64,27,https://site.pro/fr/creer-site-web-gratuit,11,fr
créer un website gratuit,3600,70,1.64,10,https://site.pro/fr/cre-er-un-website-gratuit,86,fr
créer website gratuit,3600,69,1.64,25,https://site.pro/fr/cre-er-website-gratuit,11,fr
créer un site internet gratuit,2900,71,2.16,45,https://site.pro/fr/cre-er-un-site-internet-gratuit,9,fr
créer site internet gratuit,2900,70,2.16,40,https://site.pro/fr/cre-er-site-internet-gratuit,9,fr
creer un site internet gratuit,2900,69,2.16,17,https://site.pro/fr/creer-un-site-internet-gratuit,26,fr
creer une site internet gratuit,2900,74,2.16,18,https://site.pro/fr/creer-une-site-internet-gratuit,26,fr
faire son site,50,64,1.86,41,https://site.pro/fr/faire-son-site,0,fr
wix créer un site,50,41,2.35,12,https://site.pro/fr/wix-cre-er-un-site,0,fr
meilleur site pour créer un blog gratuit,50,40,0.68,9,https://site.pro/fr/meilleur-site-pour-cre-er-un-blog-gratui,1,fr
creer un site de reservation en ligne,50,64,1.76,39,https://site.pro/fr/creer-un-site-de-reservation-en-ligne,0,fr
créer un site internet pas cher,50,36,3.35,49,https://site.pro/fr/cre-er-un-site-internet-pas-cher,0,fr
ouvrir une boutique de vêtement en ligne,50,39,0.81,32,https://site.pro/fr/ouvrir-une-boutique-de-ve-tement-en-lign,0,fr
site pour faire un portfolio,50,61,0.68,10,https://site.pro/fr/site-pour-faire-un-portfolio,1,fr
créer un site vente en ligne,50,39,1.98,14,https://site.pro/fr/cre-er-un-site-vente-en-ligne,0,fr
criar site,14800,84,0.68,49,https://site.pro/pt/criar-site,44,pt
site criar,14800,82,0.68,35,https://site.pro/pt/site-criar,44,pt
crie um site,14800,82,0.68,43,https://site.pro/pt/crie-um-site,44,pt
cria sites,14800,85,0.68,20,https://site.pro/pt/cria-sites,133,pt
site criador,14800,81,0.68,18,https://site.pro/pt/site-criador,133,pt
criar s,14800,84,0.68,11,https://site.pro/pt/criar-s,133,pt
criar site gratis,12100,80,0.53,13,https://site.pro/pt/criar-site-gratis,109,pt
criar site gratuito,12100,81,0.53,2,https://site.pro/pt/criar-site-gratuito,1089,pt
criar um site grátis,12100,82,0.53,25,https://site.pro/pt/criar-um-site-gra-tis,36,pt
criar site grátis,12100,82,0.53,11,https://site.pro/pt/criar-site-gra-tis,109,pt
site gratis criar,12100,80,0.53,31,https://site.pro/pt/site-gratis-criar,36,pt
site como criar,12100,84,0.42,9,https://site.pro/pt/site-como-criar,290,pt
site gratuito criar,12100,85,0.53,44,https://site.pro/pt/site-gratuito-criar,36,pt
criação site gratuito,12100,82,0.53,29,https://site.pro/pt/criac-a-o-site-gratuito,36,pt
criar site google gratuito,140,38,0.54,19,https://site.pro/pt/criar-site-google-gratuito,1,pt
criar um site de apostas,140,20,0.76,15,https://site.pro/pt/criar-um-site-de-apostas,1,pt
nuvemshop criar loja,140,38,0.22,31,https://site.pro/pt/nuvemshop-criar-loja,0,pt
fazer blog gratuito,140,39,0.2,40,https://site.pro/pt/fazer-blog-gratuito,0,pt
fazer um blog gratuito,140,41,0.2,22,https://site.pro/pt/fazer-um-blog-gratuito,0,pt
criar site de aposta,140,19,0.76,14,https://site.pro/pt/criar-site-de-aposta,1,pt
criar site hostinger,140,39,0.17,12,https://site.pro/pt/criar-site-hostinger,1,pt
criador de sites google,140,40,0.54,29,https://site.pro/pt/criador-de-sites-google,0,pt
creare sito web,3600,72,2.57,38,https://site.pro/it/creare-sito-web,11,it
creare un sito web,3600,71,2.57,35,https://site.pro/it/creare-un-sito-web,11,it
crea sito web,3600,71,2.57,11,https://site.pro/it/crea-sito-web,32,it
crea il sito web,3600,70,2.57,2,https://site.pro/it/crea-il-sito-web,324,it
creare sito web gratis,2900,74,1.67,14,https://site.pro/it/creare-sito-web-gratis,26,it
creare un sito web gratis,2900,73,1.67,37,https://site.pro/it/creare-un-sito-web-gratis,9,it
crea un sito web gratis,2900,70,1.67,2,https://site.pro/it/crea-un-sito-web-gratis,261,it
creatore di siti web gratis,2900,74,1.67,42,https://site.pro/it/creatore-di-siti-web-gratis,9,it
sito web creare gratis,2900,74,1.67,10,https://site.pro/it/sito-web-creare-gratis,70,it
creare gratis un sito web,2900,71,1.67,29,https://site.pro/it/creare-gratis-un-sito-web,9,it
creare gratis sito web,2900,70,1.67,22,https://site.pro/it/creare-gratis-sito-web,9,it
creare il sito web gratis,2900,69,1.67,37,https://site.pro/it/creare-il-sito-web-gratis,9,it
realizzazione siti web,1900,27,2.16,47,https://site.pro/it/realizzazione-siti-web,6,it
sitoweb gratis,1900,74,1.51,20,https://site.pro/it/sitoweb-gratis,17,it
creare negozio online gratis,90,64,1.76,27,https://site.pro/it/creare-negozio-online-gratis,0,it
aprire un sito di vendita online,90,18,1.29,19,https://site.pro/it/aprire-un-sito-di-vendita-online,1,it
fare sito web,90,65,2.02,6,https://site.pro/it/fare-sito-web,2,it
creare sito ecommerce gratis,90,61,1.57,22,https://site.pro/it/creare-sito-ecommerce-gratis,0,it
creazione siti web gratis,90,37,1.65,48,https://site.pro/it/creazione-siti-web-gratis,0,it
creare un negozio online gratis,90,65,1.76,6,https://site.pro/it/creare-un-negozio-online-gratis,2,it
aprire un attività online,90,38,0.7,33,https://site.pro/it/aprire-un-attivita-online,0,it
aprire sito vendita online,90,20,1.29,35,https://site.pro/it/aprire-sito-vendita-online,0,it
site.pro,720,6,0.4,1,https://site.pro/site-pro,216,en
sitepro templates,90,7,0.4,2,https://site.pro/sitepro-templates,27,en
site.pro pricing,140,8,0.4,3,https://site.pro/site-pro-pricing,42,en
site.pro reviews,70,9,0.4,4,https://site.pro/site-pro-reviews,21,en
