keyword,volume,cpc,competitor_domain,url,language
wix website builder,201000,15.71,wix.com,https://www.wix.com/,en
wix web builder,201000,15.71,wix.com,https://www.wix.com/,en
wix site maker,201000,15.71,wix.com,https://www.wix.com/,en
wix site creator,201000,15.71,wix.com,https://www.wix.com/,en
build a website on wix,201000,15.71,wix.com,https://www.wix.com/,en
wix page builder,201000,15.71,wix.com,https://www.wix.com/,en
make website with wix,201000,15.71,wix.com,https://www.wix.com/,en
wix building website,201000,15.71,wix.com,https://www.wix.com/,en
website builder,165000,29.11,wix.com,https://www.wix.com/,en
web builder,165000,29.11,wix.com,https://www.wix.com/,en
web page builder,165000,29.11,wix.com,https://www.wix.com/,en
website builder site,165000,29.11,wix.com,https://www.wix.com/,en
webstore builder,165000,29.11,wix.com,https://www.wix.com/,en
develop web,165000,27.6,wix.com,https://www.wix.com/,en
wix website editor,2400,6.3,wix.com,https://www.wix.com/,en
free website builder and domain,2400,21.65,wix.com,https://www.wix.com/,en
free website design,2400,17.28,wix.com,https://www.wix.com/,en
create a website for my business,2400,48.38,wix.com,https://www.wix.com/,en
make a website for my business,2400,48.38,wix.com,https://www.wix.com/,en
build a website for my business,2400,48.38,wix.com,https://www.wix.com/,en
free web design,2400,17.28,wix.com,https://www.wix.com/,en
website maker free domain,2400,21.65,wix.com,https://www.wix.com/,en
website builder,165000,29.11,squarespace.com,https://www.squarespace.com/,en
web builder,165000,29.11,squarespace.com,https://www.squarespace.com/,en
web page builder,165000,29.11,squarespace.com,https://www.squarespace.com/,en
webstore builder,165000,29.11,squarespace.com,https://www.squarespace.com/,en
site squarespace,60500,11.54,squarespace.com,https://www.squarespace.com/,en
free website builder,49500,20.8,squarespace.com,https://www.squarespace.com/,en
free site builder,49500,20.8,squarespace.com,https://www.squarespace.com/,en
free site maker,49500,20.8,squarespace.com,https://www.squarespace.com/,en
free website building sites,49500,20.8,squarespace.com,https://www.squarespace.com/,en
free site creator,49500,20.8,squarespace.com,https://www.squarespace.com/,en
free sites to make a website,49500,20.8,squarespace.com,https://www.squarespace.com/,en
free website creation sites,49500,20.8,squarespace.com,https://www.squarespace.com/,en
websites to make websites for free,49500,20.8,squarespace.com,https://www.squarespace.com/,en
free homepage builder,49500,20.8,squarespace.com,https://www.squarespace.com/,en
websites to make your own website,2900,24.13,squarespace.com,https://www.squarespace.com/,en
easy web builder,2900,39.58,squarespace.com,https://www.squarespace.com/,en
build your own site,2900,24.13,squarespace.com,https://www.squarespace.com/,en
websites to create your own website,2900,24.13,squarespace.com,https://www.squarespace.com/,en
easy site builder,2900,39.58,squarespace.com,https://www.squarespace.com/,en
easiest site to make a website,2900,39.58,squarespace.com,https://www.squarespace.com/,en
create your own websites,2900,24.13,squarespace.com,https://www.squarespace.com/,en
sites to make your own website,2900,24.13,squarespace.com,https://www.squarespace.com/,en
website builder,165000,29.11,weebly.com,https://www.weebly.com/,en
web builder,165000,29.11,weebly.com,https://www.weebly.com/,en
web page builder,165000,29.11,weebly.com,https://www.weebly.com/,en
website builder site,165000,29.11,weebly.com,https://www.weebly.com/,en
free website builder,49500,20.8,weebly.com,https://www.weebly.com/,en
free site builder,49500,20.8,weebly.com,https://www.weebly.com/,en
free site maker,49500,20.8,weebly.com,https://www.weebly.com/,en
free websites to make a website,49500,20.8,weebly.com,https://www.weebly.com/,en
free website building sites,49500,20.8,weebly.com,https://www.weebly.com/,en
free site creator,49500,20.8,weebly.com,https://www.weebly.com/,en
free website making sites,49500,20.8,weebly.com,https://www.weebly.com/,en
free website creation sites,49500,20.8,weebly.com,https://www.weebly.com/,en
free website to make a website,49500,20.8,weebly.com,https://www.weebly.com/,en
websites to make websites for free,49500,20.8,weebly.com,https://www.weebly.com/,en
weebly web page,1900,10.17,weebly.com,https://www.weebly.com/,en
create business website free,1600,42.77,weebly.com,https://www.weebly.com/,en
online website builder,1600,24.23,weebly.com,https://www.weebly.com/,en
free website maker for business,1600,42.77,weebly.com,https://www.weebly.com/,en
online website maker,1600,24.23,weebly.com,https://www.weebly.com/,en
online website creator,1600,24.23,weebly.com,https://www.weebly.com/,en
online web builder,1600,24.23,weebly.com,https://www.weebly.com/,en
create company website free,1600,42.77,weebly.com,https://www.weebly.com/,en
website builder,165000,29.11,godaddy.com,https://www.godaddy.com/,en
web builder,165000,29.11,godaddy.com,https://www.godaddy.com/,en
web page builder,165000,29.11,godaddy.com,https://www.godaddy.com/,en
website builder sites,165000,29.11,godaddy.com,https://www.godaddy.com/,en
website builder site,165000,29.11,godaddy.com,https://www.godaddy.com/,en
websitebuilder site,165000,29.11,godaddy.com,https://www.godaddy.com/,en
webstore builder,165000,29.11,godaddy.com,https://www.godaddy.com/,en
free website builder,49500,20.8,godaddy.com,https://www.godaddy.com/,en
website maker free,49500,20.8,godaddy.com,https://www.godaddy.com/,en
free site maker,49500,20.8,godaddy.com,https://www.godaddy.com/,en
free site builder,49500,20.8,godaddy.com,https://www.godaddy.com/,en
free site creator,49500,20.8,godaddy.com,https://www.godaddy.com/,en
free website building sites,49500,20.8,godaddy.com,https://www.godaddy.com/,en
free websites to make a website,49500,20.8,godaddy.com,https://www.godaddy.com/,en
web design and development companies,2400,42.35,godaddy.com,https://www.godaddy.com/,en
small business site,2400,30.87,godaddy.com,https://www.godaddy.com/,en
website design development company,2400,42.35,godaddy.com,https://www.godaddy.com/,en
small business web,2400,30.87,godaddy.com,https://www.godaddy.com/,en
small business web page design,2400,38.04,godaddy.com,https://www.godaddy.com/,en
web design development company,2400,42.35,godaddy.com,https://www.godaddy.com/,en
web design and web development company,2400,42.35,godaddy.com,https://www.godaddy.com/,en
cheapest website builder,1900,31.89,godaddy.com,https://www.godaddy.com/,en
website builder,165000,29.11,tilda.cc,https://www.tilda.cc/,en
web builder,165000,29.11,tilda.cc,https://www.tilda.cc/,en
website builder sites,165000,29.11,tilda.cc,https://www.tilda.cc/,en
website builder site,165000,29.11,tilda.cc,https://www.tilda.cc/,en
webstore builder,165000,29.11,tilda.cc,https://www.tilda.cc/,en
website maker free,49500,20.8,tilda.cc,https://www.tilda.cc/,en
free site builder,49500,20.8,tilda.cc,https://www.tilda.cc/,en
free site maker,49500,20.8,tilda.cc,https://www.tilda.cc/,en
free site creator,49500,20.8,tilda.cc,https://www.tilda.cc/,en
free websites to make a website,49500,20.8,tilda.cc,https://www.tilda.cc/,en
free sites to make a website,49500,20.8,tilda.cc,https://www.tilda.cc/,en
free website building sites,49500,20.8,tilda.cc,https://www.tilda.cc/,en
free website creation sites,49500,20.8,tilda.cc,https://www.tilda.cc/,en
websites to make websites for free,49500,20.8,tilda.cc,https://www.tilda.cc/,en
designing a website for a small business,2400,38.04,tilda.cc,https://www.tilda.cc/,en
site builder,1900,22.8,tilda.cc,https://www.tilda.cc/,en
website builder company,1900,68.23,tilda.cc,https://www.tilda.cc/,en
online website creator,1600,24.23,tilda.cc,https://www.tilda.cc/,en
online website builder,1600,24.23,tilda.cc,https://www.tilda.cc/,en
create free website for business,1600,42.77,tilda.cc,https://www.tilda.cc/,en
online website maker,1600,24.23,tilda.cc,https://www.tilda.cc/,en
free website maker for business,1600,42.77,tilda.cc,https://www.tilda.cc/,en
casino website builder,210,3.5,wix.com,https://www.wix.com/,en
adult content website builder,210,3.5,godaddy.com,https://www.godaddy.com/,en
